1,x,,,
2,o,o,o,inheritDoc
3,o,o,o,
4,x,,,
5,o,o,x,inheritDoc
6,x,,,
7,o,o,o,
8,o,x,,メソッドのシグネチャの変更
9,o,o,o,
10,o,o,o,
11,o,o,x,inheritDoc
12,x,,,
13,o,o,o,
14,x,,,
15,o,x,,
16,o,x,,
17,o,o,o,
18,o,x,,
19,o,o,o,
20,o,o,o,
21,o,o,o,
22,x,,,
23,o,o,x,inheritDoc
24,o,o,x,inheritDoc
25,o,o,o,
26,o,x,,constructer
27,o,o,o,
28,o,o,o,
29,o,x,,
30,o,o,o,
31,o,o,o,
32,o,o,x,inheritDoc
33,o,o,o,
34,o,o,o,
35,o,x,x,constructer
36,o,x,,
37,o,x,,
38,o,o,o,
39,o,o,x,inheritDoc
40,o,o,x,inheritDoc
41,o,o,o,
42,o,o,o,
43,o,o,o,
44,o,o,o,
45,o,x,,constructer
46,o,x,,
47,o,x,,
48,o,o,x,inheritDoc
49,o,x,,
50,o,o,x,inheritDoc
51,o,o,x,inheritDoc
52,o,x,x,constructer
53,o,o,o,
54,o,x,,
55,o,o,o,
56,o,o,o,
57,o,o,o,
58,o,o,o,
59,o,o,o,
60,o,o,o,
61,o,x,,
62,o,x,,
63,o,o,o,
64,o,o,x,inheritDoc
65,o,x,,
66,o,x,,
67,o,x,,
68,o,x,,
69,o,o,o,
70,o,o,x,inheritDoc
71,x,,,
72,o,o,o,
73,o,o,o,
74,o,o,x,inheritDoc
75,o,o,o,
76,o,x,,
77,o,x,,
78,o,o,o,
79,o,o,o,
80,o,o,o,
81,o,x,,
82,o,o,o,
83,o,x,,
84,o,o,x,inheritDoc
85,o,o,o,
86,o,x,,constructer
87,o,o,o,
88,o,o,o,
89,o,o,o,
90,o,x,,
91,o,o,o,
92,o,x,,
93,o,x,,
94,o,o,o,
95,o,o,o,
96,o,o,o,
97,o,o,o,
98,x,,,
99,o,o,o,
100,o,x,,
101,o,o,o,
102,o,o,o,
103,o,o,o,
104,o,x,,
105,o,o,o,
106,o,o,o,
